Date,Station,Series,WaterLevel_Forecast
2026-07-06,Itaituba – Tapajós,CFSv2 (init 2026-07-05),630.71
2026-07-07,Itaituba – Tapajós,CFSv2 (init 2026-07-05),626.71
2026-07-08,Itaituba – Tapajós,CFSv2 (init 2026-07-05),622.94
2026-07-09,Itaituba – Tapajós,CFSv2 (init 2026-07-05),619.43
2026-07-10,Itaituba – Tapajós,CFSv2 (init 2026-07-05),615.58
2026-07-11,Itaituba – Tapajós,CFSv2 (init 2026-07-05),611.67
2026-07-12,Itaituba – Tapajós,CFSv2 (init 2026-07-05),607.31
2026-07-13,Itaituba – Tapajós,CFSv2 (init 2026-07-05),602.78
2026-07-14,Itaituba – Tapajós,CFSv2 (init 2026-07-05),598.38
2026-07-15,Itaituba – Tapajós,CFSv2 (init 2026-07-05),594.12
2026-07-16,Itaituba – Tapajós,CFSv2 (init 2026-07-05),590.91
2026-07-17,Itaituba – Tapajós,CFSv2 (init 2026-07-05),588.15
2026-07-18,Itaituba – Tapajós,CFSv2 (init 2026-07-05),584.6
2026-07-19,Itaituba – Tapajós,CFSv2 (init 2026-07-05),582.84
2026-07-20,Itaituba – Tapajós,CFSv2 (init 2026-07-05),580.99
2026-07-21,Itaituba – Tapajós,CFSv2 (init 2026-07-05),578.34
2026-07-22,Itaituba – Tapajós,CFSv2 (init 2026-07-05),575.65
2026-07-23,Itaituba – Tapajós,CFSv2 (init 2026-07-05),571.87
2026-07-24,Itaituba – Tapajós,CFSv2 (init 2026-07-05),568.73
2026-07-25,Itaituba – Tapajós,CFSv2 (init 2026-07-05),565.56
2026-07-26,Itaituba – Tapajós,CFSv2 (init 2026-07-05),562.48
2026-07-27,Itaituba – Tapajós,CFSv2 (init 2026-07-05),559.23
2026-07-28,Itaituba – Tapajós,CFSv2 (init 2026-07-05),556.61
2026-07-29,Itaituba – Tapajós,CFSv2 (init 2026-07-05),554.56
2026-07-30,Itaituba – Tapajós,CFSv2 (init 2026-07-05),553.06
2026-07-31,Itaituba – Tapajós,CFSv2 (init 2026-07-05),550.52
2026-08-01,Itaituba – Tapajós,CFSv2 (init 2026-07-05),547.03
2026-08-02,Itaituba – Tapajós,CFSv2 (init 2026-07-05),543.49
2026-08-03,Itaituba – Tapajós,CFSv2 (init 2026-07-05),540.55
2026-08-04,Itaituba – Tapajós,CFSv2 (init 2026-07-05),536.48
2026-08-05,Itaituba – Tapajós,CFSv2 (init 2026-07-05),532.41
2026-08-06,Itaituba – Tapajós,CFSv2 (init 2026-07-05),528.88
2026-08-07,Itaituba – Tapajós,CFSv2 (init 2026-07-05),525.95
2026-08-08,Itaituba – Tapajós,CFSv2 (init 2026-07-05),522.91
2026-08-09,Itaituba – Tapajós,CFSv2 (init 2026-07-05),519.74
2026-08-10,Itaituba – Tapajós,CFSv2 (init 2026-07-05),516.43
2026-08-11,Itaituba – Tapajós,CFSv2 (init 2026-07-05),512.68
2026-08-12,Itaituba – Tapajós,CFSv2 (init 2026-07-05),508.41
2026-08-13,Itaituba – Tapajós,CFSv2 (init 2026-07-05),503.6
2026-08-14,Itaituba – Tapajós,CFSv2 (init 2026-07-05),498.51
2026-08-15,Itaituba – Tapajós,CFSv2 (init 2026-07-05),492.04
2026-08-16,Itaituba – Tapajós,CFSv2 (init 2026-07-05),485.95
2026-08-17,Itaituba – Tapajós,CFSv2 (init 2026-07-05),480.47
2026-08-18,Itaituba – Tapajós,CFSv2 (init 2026-07-05),476.01
2026-08-19,Itaituba – Tapajós,CFSv2 (init 2026-07-05),471.38
2026-08-20,Itaituba – Tapajós,CFSv2 (init 2026-07-05),466.79
2026-08-21,Itaituba – Tapajós,CFSv2 (init 2026-07-05),461.43
2026-08-22,Itaituba – Tapajós,CFSv2 (init 2026-07-05),455.82
2026-08-23,Itaituba – Tapajós,CFSv2 (init 2026-07-05),450.53
2026-08-24,Itaituba – Tapajós,CFSv2 (init 2026-07-05),445.25
2026-08-25,Itaituba – Tapajós,CFSv2 (init 2026-07-05),440.04
2026-08-26,Itaituba – Tapajós,CFSv2 (init 2026-07-05),435.36
2026-08-27,Itaituba – Tapajós,CFSv2 (init 2026-07-05),430.83
2026-08-28,Itaituba – Tapajós,CFSv2 (init 2026-07-05),426.27
2026-08-29,Itaituba – Tapajós,CFSv2 (init 2026-07-05),422.66
2026-08-30,Itaituba – Tapajós,CFSv2 (init 2026-07-05),418.25
2026-08-31,Itaituba – Tapajós,CFSv2 (init 2026-07-05),414.43
2026-09-01,Itaituba – Tapajós,CFSv2 (init 2026-07-05),410.62
2026-09-02,Itaituba – Tapajós,CFSv2 (init 2026-07-05),405.74
2026-09-03,Itaituba – Tapajós,CFSv2 (init 2026-07-05),400.53
2026-09-04,Itaituba – Tapajós,CFSv2 (init 2026-07-05),394.9
2026-09-05,Itaituba – Tapajós,CFSv2 (init 2026-07-05),388.99
2026-09-06,Itaituba – Tapajós,CFSv2 (init 2026-07-05),383.31
2026-09-07,Itaituba – Tapajós,CFSv2 (init 2026-07-05),376.32
2026-09-08,Itaituba – Tapajós,CFSv2 (init 2026-07-05),368.83
2026-09-09,Itaituba – Tapajós,CFSv2 (init 2026-07-05),361.02
2026-09-10,Itaituba – Tapajós,CFSv2 (init 2026-07-05),353.45
2026-09-11,Itaituba – Tapajós,CFSv2 (init 2026-07-05),345.59
2026-09-12,Itaituba – Tapajós,CFSv2 (init 2026-07-05),338.25
2026-09-13,Itaituba – Tapajós,CFSv2 (init 2026-07-05),329.98
2026-09-14,Itaituba – Tapajós,CFSv2 (init 2026-07-05),322.64
2026-09-15,Itaituba – Tapajós,CFSv2 (init 2026-07-05),314.27
2026-09-16,Itaituba – Tapajós,CFSv2 (init 2026-07-05),306.14
2026-09-17,Itaituba – Tapajós,CFSv2 (init 2026-07-05),297.73
2026-09-18,Itaituba – Tapajós,CFSv2 (init 2026-07-05),289.7
2026-09-19,Itaituba – Tapajós,CFSv2 (init 2026-07-05),281.8
2026-09-20,Itaituba – Tapajós,CFSv2 (init 2026-07-05),274.67
2026-09-21,Itaituba – Tapajós,CFSv2 (init 2026-07-05),267.04
2026-09-22,Itaituba – Tapajós,CFSv2 (init 2026-07-05),260.01
2026-09-23,Itaituba – Tapajós,CFSv2 (init 2026-07-05),253.62
2026-09-24,Itaituba – Tapajós,CFSv2 (init 2026-07-05),247.39
2026-09-25,Itaituba – Tapajós,CFSv2 (init 2026-07-05),241.84
2026-09-26,Itaituba – Tapajós,CFSv2 (init 2026-07-05),235.18
2026-09-27,Itaituba – Tapajós,CFSv2 (init 2026-07-05),228.74
2026-09-28,Itaituba – Tapajós,CFSv2 (init 2026-07-05),222.37
2026-09-29,Itaituba – Tapajós,CFSv2 (init 2026-07-05),215.97
2026-09-30,Itaituba – Tapajós,CFSv2 (init 2026-07-05),210.34
2026-10-01,Itaituba – Tapajós,CFSv2 (init 2026-07-05),205.09
2026-10-02,Itaituba – Tapajós,CFSv2 (init 2026-07-05),200.6
2026-10-03,Itaituba – Tapajós,CFSv2 (init 2026-07-05),196.34
2026-10-04,Itaituba – Tapajós,CFSv2 (init 2026-07-05),191.09
2026-10-05,Itaituba – Tapajós,CFSv2 (init 2026-07-05),185.94
2026-10-06,Itaituba – Tapajós,CFSv2 (init 2026-07-05),181.62
2026-10-07,Itaituba – Tapajós,CFSv2 (init 2026-07-05),177.98
2026-10-08,Itaituba – Tapajós,CFSv2 (init 2026-07-05),174.12
2026-10-09,Itaituba – Tapajós,CFSv2 (init 2026-07-05),171.12
2026-10-10,Itaituba – Tapajós,CFSv2 (init 2026-07-05),169.28
2026-10-11,Itaituba – Tapajós,CFSv2 (init 2026-07-05),169.05
2026-10-12,Itaituba – Tapajós,CFSv2 (init 2026-07-05),167.62
2026-10-13,Itaituba – Tapajós,CFSv2 (init 2026-07-05),167.63
2026-10-14,Itaituba – Tapajós,CFSv2 (init 2026-07-05),166.89
2026-10-15,Itaituba – Tapajós,CFSv2 (init 2026-07-05),170.87
2026-10-16,Itaituba – Tapajós,CFSv2 (init 2026-07-05),170.37
2026-10-17,Itaituba – Tapajós,CFSv2 (init 2026-07-05),169.57
2026-10-18,Itaituba – Tapajós,CFSv2 (init 2026-07-05),169.3
2026-10-19,Itaituba – Tapajós,CFSv2 (init 2026-07-05),169.29
2026-10-20,Itaituba – Tapajós,CFSv2 (init 2026-07-05),169.14
2026-10-21,Itaituba – Tapajós,CFSv2 (init 2026-07-05),170.36
2026-10-22,Itaituba – Tapajós,CFSv2 (init 2026-07-05),171.01
2026-10-23,Itaituba – Tapajós,CFSv2 (init 2026-07-05),170.79
2026-10-24,Itaituba – Tapajós,CFSv2 (init 2026-07-05),171.72
2026-10-25,Itaituba – Tapajós,CFSv2 (init 2026-07-05),175.33
2026-10-26,Itaituba – Tapajós,CFSv2 (init 2026-07-05),178.43
2026-10-27,Itaituba – Tapajós,CFSv2 (init 2026-07-05),179.35
2026-10-28,Itaituba – Tapajós,CFSv2 (init 2026-07-05),179.62
2026-10-29,Itaituba – Tapajós,CFSv2 (init 2026-07-05),180.31
2026-10-30,Itaituba – Tapajós,CFSv2 (init 2026-07-05),181.67
2026-10-31,Itaituba – Tapajós,CFSv2 (init 2026-07-05),183.4
2026-11-01,Itaituba – Tapajós,CFSv2 (init 2026-07-05),184.54
2026-11-02,Itaituba – Tapajós,CFSv2 (init 2026-07-05),186.12
2026-11-03,Itaituba – Tapajós,CFSv2 (init 2026-07-05),187.55
2026-11-04,Itaituba – Tapajós,CFSv2 (init 2026-07-05),190.67
2026-11-05,Itaituba – Tapajós,CFSv2 (init 2026-07-05),193.34
2026-11-06,Itaituba – Tapajós,CFSv2 (init 2026-07-05),194.53
2026-11-07,Itaituba – Tapajós,CFSv2 (init 2026-07-05),197.42
2026-11-08,Itaituba – Tapajós,CFSv2 (init 2026-07-05),198.54
2026-11-09,Itaituba – Tapajós,CFSv2 (init 2026-07-05),199.53
2026-11-10,Itaituba – Tapajós,CFSv2 (init 2026-07-05),199.92
2026-11-11,Itaituba – Tapajós,CFSv2 (init 2026-07-05),201.78
2026-11-12,Itaituba – Tapajós,CFSv2 (init 2026-07-05),203.63
2026-11-13,Itaituba – Tapajós,CFSv2 (init 2026-07-05),203.45
2026-11-14,Itaituba – Tapajós,CFSv2 (init 2026-07-05),206.15
2026-11-15,Itaituba – Tapajós,CFSv2 (init 2026-07-05),208.26
2026-11-16,Itaituba – Tapajós,CFSv2 (init 2026-07-05),212.65
2026-11-17,Itaituba – Tapajós,CFSv2 (init 2026-07-05),221.88
2026-11-18,Itaituba – Tapajós,CFSv2 (init 2026-07-05),226.12
2026-11-19,Itaituba – Tapajós,CFSv2 (init 2026-07-05),230.14
2026-11-20,Itaituba – Tapajós,CFSv2 (init 2026-07-05),234.86
2026-11-21,Itaituba – Tapajós,CFSv2 (init 2026-07-05),238.04
2026-11-22,Itaituba – Tapajós,CFSv2 (init 2026-07-05),242.77
2026-11-23,Itaituba – Tapajós,CFSv2 (init 2026-07-05),247.46
2026-11-24,Itaituba – Tapajós,CFSv2 (init 2026-07-05),252.1
2026-11-25,Itaituba – Tapajós,CFSv2 (init 2026-07-05),254.93
2026-11-26,Itaituba – Tapajós,CFSv2 (init 2026-07-05),257.61
2026-11-27,Itaituba – Tapajós,CFSv2 (init 2026-07-05),259.15
2026-11-28,Itaituba – Tapajós,CFSv2 (init 2026-07-05),263.24
2026-11-29,Itaituba – Tapajós,CFSv2 (init 2026-07-05),266.52
2026-11-30,Itaituba – Tapajós,CFSv2 (init 2026-07-05),269.68
2026-12-01,Itaituba – Tapajós,CFSv2 (init 2026-07-05),274.29
2026-12-02,Itaituba – Tapajós,CFSv2 (init 2026-07-05),277.96
2026-12-03,Itaituba – Tapajós,CFSv2 (init 2026-07-05),284.39
2026-12-04,Itaituba – Tapajós,CFSv2 (init 2026-07-05),286.95
2026-12-05,Itaituba – Tapajós,CFSv2 (init 2026-07-05),291.77
2026-12-06,Itaituba – Tapajós,CFSv2 (init 2026-07-05),295.04
2026-12-07,Itaituba – Tapajós,CFSv2 (init 2026-07-05),304.99
2026-12-08,Itaituba – Tapajós,CFSv2 (init 2026-07-05),310.97
2026-12-09,Itaituba – Tapajós,CFSv2 (init 2026-07-05),319.94
2026-12-10,Itaituba – Tapajós,CFSv2 (init 2026-07-05),326.52
2026-12-11,Itaituba – Tapajós,CFSv2 (init 2026-07-05),334.53
2026-12-12,Itaituba – Tapajós,CFSv2 (init 2026-07-05),340.78
2026-12-13,Itaituba – Tapajós,CFSv2 (init 2026-07-05),346.49
2026-12-14,Itaituba – Tapajós,CFSv2 (init 2026-07-05),353.09
2026-12-15,Itaituba – Tapajós,CFSv2 (init 2026-07-05),359.69
2026-12-16,Itaituba – Tapajós,CFSv2 (init 2026-07-05),366.68
2026-12-17,Itaituba – Tapajós,CFSv2 (init 2026-07-05),373.48
2026-12-18,Itaituba – Tapajós,CFSv2 (init 2026-07-05),380.17
2026-12-19,Itaituba – Tapajós,CFSv2 (init 2026-07-05),386.72
2026-12-20,Itaituba – Tapajós,CFSv2 (init 2026-07-05),393.04
2026-12-21,Itaituba – Tapajós,CFSv2 (init 2026-07-05),399.87
2026-12-22,Itaituba – Tapajós,CFSv2 (init 2026-07-05),405.85
2026-12-23,Itaituba – Tapajós,CFSv2 (init 2026-07-05),412.36
2026-12-24,Itaituba – Tapajós,CFSv2 (init 2026-07-05),418.86
2026-12-25,Itaituba – Tapajós,CFSv2 (init 2026-07-05),424.02
2026-12-26,Itaituba – Tapajós,CFSv2 (init 2026-07-05),428.3
2026-12-27,Itaituba – Tapajós,CFSv2 (init 2026-07-05),431.3
2026-12-28,Itaituba – Tapajós,CFSv2 (init 2026-07-05),434.03
2026-12-29,Itaituba – Tapajós,CFSv2 (init 2026-07-05),438.49
2026-12-30,Itaituba – Tapajós,CFSv2 (init 2026-07-05),443.59
2026-12-31,Itaituba – Tapajós,CFSv2 (init 2026-07-05),450.07
2026-07-06,Itaituba – Tapajós,CFSv2 (init 2026-06-28),630.93
2026-07-07,Itaituba – Tapajós,CFSv2 (init 2026-06-28),626.76
2026-07-08,Itaituba – Tapajós,CFSv2 (init 2026-06-28),622.93
2026-07-09,Itaituba – Tapajós,CFSv2 (init 2026-06-28),619.52
2026-07-10,Itaituba – Tapajós,CFSv2 (init 2026-06-28),615.36
2026-07-11,Itaituba – Tapajós,CFSv2 (init 2026-06-28),611.15
2026-07-12,Itaituba – Tapajós,CFSv2 (init 2026-06-28),606.78
2026-07-13,Itaituba – Tapajós,CFSv2 (init 2026-06-28),602.25
2026-07-14,Itaituba – Tapajós,CFSv2 (init 2026-06-28),598.01
2026-07-15,Itaituba – Tapajós,CFSv2 (init 2026-06-28),593.88
2026-07-16,Itaituba – Tapajós,CFSv2 (init 2026-06-28),590.94
2026-07-17,Itaituba – Tapajós,CFSv2 (init 2026-06-28),588.13
2026-07-18,Itaituba – Tapajós,CFSv2 (init 2026-06-28),584.0
2026-07-19,Itaituba – Tapajós,CFSv2 (init 2026-06-28),581.0
2026-07-20,Itaituba – Tapajós,CFSv2 (init 2026-06-28),578.12
2026-07-21,Itaituba – Tapajós,CFSv2 (init 2026-06-28),575.04
2026-07-22,Itaituba – Tapajós,CFSv2 (init 2026-06-28),573.23
2026-07-23,Itaituba – Tapajós,CFSv2 (init 2026-06-28),569.85
2026-07-24,Itaituba – Tapajós,CFSv2 (init 2026-06-28),566.19
2026-07-25,Itaituba – Tapajós,CFSv2 (init 2026-06-28),562.7
2026-07-26,Itaituba – Tapajós,CFSv2 (init 2026-06-28),559.51
2026-07-27,Itaituba – Tapajós,CFSv2 (init 2026-06-28),556.55
2026-07-28,Itaituba – Tapajós,CFSv2 (init 2026-06-28),553.86
2026-07-29,Itaituba – Tapajós,CFSv2 (init 2026-06-28),551.55
2026-07-30,Itaituba – Tapajós,CFSv2 (init 2026-06-28),550.33
2026-07-31,Itaituba – Tapajós,CFSv2 (init 2026-06-28),547.62
2026-08-01,Itaituba – Tapajós,CFSv2 (init 2026-06-28),544.07
2026-08-02,Itaituba – Tapajós,CFSv2 (init 2026-06-28),540.47
2026-08-03,Itaituba – Tapajós,CFSv2 (init 2026-06-28),536.02
2026-08-04,Itaituba – Tapajós,CFSv2 (init 2026-06-28),531.47
2026-08-05,Itaituba – Tapajós,CFSv2 (init 2026-06-28),527.15
2026-08-06,Itaituba – Tapajós,CFSv2 (init 2026-06-28),523.89
2026-08-07,Itaituba – Tapajós,CFSv2 (init 2026-06-28),521.79
2026-08-08,Itaituba – Tapajós,CFSv2 (init 2026-06-28),518.67
2026-08-09,Itaituba – Tapajós,CFSv2 (init 2026-06-28),515.86
2026-08-10,Itaituba – Tapajós,CFSv2 (init 2026-06-28),512.48
2026-08-11,Itaituba – Tapajós,CFSv2 (init 2026-06-28),508.57
2026-08-12,Itaituba – Tapajós,CFSv2 (init 2026-06-28),504.31
2026-08-13,Itaituba – Tapajós,CFSv2 (init 2026-06-28),499.43
2026-08-14,Itaituba – Tapajós,CFSv2 (init 2026-06-28),492.69
2026-08-15,Itaituba – Tapajós,CFSv2 (init 2026-06-28),486.21
2026-08-16,Itaituba – Tapajós,CFSv2 (init 2026-06-28),479.74
2026-08-17,Itaituba – Tapajós,CFSv2 (init 2026-06-28),474.47
2026-08-18,Itaituba – Tapajós,CFSv2 (init 2026-06-28),470.04
2026-08-19,Itaituba – Tapajós,CFSv2 (init 2026-06-28),465.32
2026-08-20,Itaituba – Tapajós,CFSv2 (init 2026-06-28),461.49
2026-08-21,Itaituba – Tapajós,CFSv2 (init 2026-06-28),456.25
2026-08-22,Itaituba – Tapajós,CFSv2 (init 2026-06-28),451.17
2026-08-23,Itaituba – Tapajós,CFSv2 (init 2026-06-28),446.3
2026-08-24,Itaituba – Tapajós,CFSv2 (init 2026-06-28),441.12
2026-08-25,Itaituba – Tapajós,CFSv2 (init 2026-06-28),435.87
2026-08-26,Itaituba – Tapajós,CFSv2 (init 2026-06-28),431.05
2026-08-27,Itaituba – Tapajós,CFSv2 (init 2026-06-28),426.45
2026-08-28,Itaituba – Tapajós,CFSv2 (init 2026-06-28),421.99
2026-08-29,Itaituba – Tapajós,CFSv2 (init 2026-06-28),418.44
2026-08-30,Itaituba – Tapajós,CFSv2 (init 2026-06-28),414.37
2026-08-31,Itaituba – Tapajós,CFSv2 (init 2026-06-28),410.53
2026-09-01,Itaituba – Tapajós,CFSv2 (init 2026-06-28),406.22
2026-09-02,Itaituba – Tapajós,CFSv2 (init 2026-06-28),401.28
2026-09-03,Itaituba – Tapajós,CFSv2 (init 2026-06-28),395.86
2026-09-04,Itaituba – Tapajós,CFSv2 (init 2026-06-28),390.03
2026-09-05,Itaituba – Tapajós,CFSv2 (init 2026-06-28),384.22
2026-09-06,Itaituba – Tapajós,CFSv2 (init 2026-06-28),377.82
2026-09-07,Itaituba – Tapajós,CFSv2 (init 2026-06-28),370.84
2026-09-08,Itaituba – Tapajós,CFSv2 (init 2026-06-28),363.57
2026-09-09,Itaituba – Tapajós,CFSv2 (init 2026-06-28),355.72
2026-09-10,Itaituba – Tapajós,CFSv2 (init 2026-06-28),347.77
2026-09-11,Itaituba – Tapajós,CFSv2 (init 2026-06-28),339.88
2026-09-12,Itaituba – Tapajós,CFSv2 (init 2026-06-28),331.86
2026-09-13,Itaituba – Tapajós,CFSv2 (init 2026-06-28),323.59
2026-09-14,Itaituba – Tapajós,CFSv2 (init 2026-06-28),316.15
2026-09-15,Itaituba – Tapajós,CFSv2 (init 2026-06-28),307.74
2026-09-16,Itaituba – Tapajós,CFSv2 (init 2026-06-28),299.87
2026-09-17,Itaituba – Tapajós,CFSv2 (init 2026-06-28),291.68
2026-09-18,Itaituba – Tapajós,CFSv2 (init 2026-06-28),283.45
2026-09-19,Itaituba – Tapajós,CFSv2 (init 2026-06-28),275.57
2026-09-20,Itaituba – Tapajós,CFSv2 (init 2026-06-28),268.45
2026-09-21,Itaituba – Tapajós,CFSv2 (init 2026-06-28),260.83
2026-09-22,Itaituba – Tapajós,CFSv2 (init 2026-06-28),253.87
2026-09-23,Itaituba – Tapajós,CFSv2 (init 2026-06-28),247.52
2026-09-24,Itaituba – Tapajós,CFSv2 (init 2026-06-28),241.29
2026-09-25,Itaituba – Tapajós,CFSv2 (init 2026-06-28),235.19
2026-09-26,Itaituba – Tapajós,CFSv2 (init 2026-06-28),228.61
2026-09-27,Itaituba – Tapajós,CFSv2 (init 2026-06-28),222.1
2026-09-28,Itaituba – Tapajós,CFSv2 (init 2026-06-28),215.59
2026-09-29,Itaituba – Tapajós,CFSv2 (init 2026-06-28),209.13
2026-09-30,Itaituba – Tapajós,CFSv2 (init 2026-06-28),203.49
2026-10-01,Itaituba – Tapajós,CFSv2 (init 2026-06-28),198.03
2026-10-02,Itaituba – Tapajós,CFSv2 (init 2026-06-28),193.19
2026-10-03,Itaituba – Tapajós,CFSv2 (init 2026-06-28),188.95
2026-10-04,Itaituba – Tapajós,CFSv2 (init 2026-06-28),183.8
2026-10-05,Itaituba – Tapajós,CFSv2 (init 2026-06-28),178.64
2026-10-06,Itaituba – Tapajós,CFSv2 (init 2026-06-28),174.33
2026-10-07,Itaituba – Tapajós,CFSv2 (init 2026-06-28),170.47
2026-10-08,Itaituba – Tapajós,CFSv2 (init 2026-06-28),166.31
2026-10-09,Itaituba – Tapajós,CFSv2 (init 2026-06-28),162.97
2026-10-10,Itaituba – Tapajós,CFSv2 (init 2026-06-28),159.11
2026-10-11,Itaituba – Tapajós,CFSv2 (init 2026-06-28),156.0
2026-10-12,Itaituba – Tapajós,CFSv2 (init 2026-06-28),154.11
2026-10-13,Itaituba – Tapajós,CFSv2 (init 2026-06-28),152.63
2026-10-14,Itaituba – Tapajós,CFSv2 (init 2026-06-28),150.94
2026-10-15,Itaituba – Tapajós,CFSv2 (init 2026-06-28),149.35
2026-10-16,Itaituba – Tapajós,CFSv2 (init 2026-06-28),147.65
2026-10-17,Itaituba – Tapajós,CFSv2 (init 2026-06-28),146.1
2026-10-18,Itaituba – Tapajós,CFSv2 (init 2026-06-28),145.37
2026-10-19,Itaituba – Tapajós,CFSv2 (init 2026-06-28),144.92
2026-10-20,Itaituba – Tapajós,CFSv2 (init 2026-06-28),144.37
2026-10-21,Itaituba – Tapajós,CFSv2 (init 2026-06-28),145.0
2026-10-22,Itaituba – Tapajós,CFSv2 (init 2026-06-28),145.84
2026-10-23,Itaituba – Tapajós,CFSv2 (init 2026-06-28),146.03
2026-10-24,Itaituba – Tapajós,CFSv2 (init 2026-06-28),148.45
2026-10-25,Itaituba – Tapajós,CFSv2 (init 2026-06-28),149.66
2026-10-26,Itaituba – Tapajós,CFSv2 (init 2026-06-28),150.83
2026-10-27,Itaituba – Tapajós,CFSv2 (init 2026-06-28),151.54
2026-10-28,Itaituba – Tapajós,CFSv2 (init 2026-06-28),151.82
2026-10-29,Itaituba – Tapajós,CFSv2 (init 2026-06-28),153.25
2026-10-30,Itaituba – Tapajós,CFSv2 (init 2026-06-28),155.06
2026-10-31,Itaituba – Tapajós,CFSv2 (init 2026-06-28),156.79
2026-11-01,Itaituba – Tapajós,CFSv2 (init 2026-06-28),160.47
2026-11-02,Itaituba – Tapajós,CFSv2 (init 2026-06-28),164.07
2026-11-03,Itaituba – Tapajós,CFSv2 (init 2026-06-28),165.77
2026-11-04,Itaituba – Tapajós,CFSv2 (init 2026-06-28),167.43
2026-11-05,Itaituba – Tapajós,CFSv2 (init 2026-06-28),167.47
2026-11-06,Itaituba – Tapajós,CFSv2 (init 2026-06-28),167.65
2026-11-07,Itaituba – Tapajós,CFSv2 (init 2026-06-28),168.01
2026-11-08,Itaituba – Tapajós,CFSv2 (init 2026-06-28),168.38
2026-11-09,Itaituba – Tapajós,CFSv2 (init 2026-06-28),168.55
2026-11-10,Itaituba – Tapajós,CFSv2 (init 2026-06-28),168.71
2026-11-11,Itaituba – Tapajós,CFSv2 (init 2026-06-28),170.44
2026-11-12,Itaituba – Tapajós,CFSv2 (init 2026-06-28),172.47
2026-11-13,Itaituba – Tapajós,CFSv2 (init 2026-06-28),171.74
2026-11-14,Itaituba – Tapajós,CFSv2 (init 2026-06-28),174.57
2026-11-15,Itaituba – Tapajós,CFSv2 (init 2026-06-28),176.5
2026-11-16,Itaituba – Tapajós,CFSv2 (init 2026-06-28),180.38
2026-11-17,Itaituba – Tapajós,CFSv2 (init 2026-06-28),183.46
2026-11-18,Itaituba – Tapajós,CFSv2 (init 2026-06-28),190.05
2026-11-19,Itaituba – Tapajós,CFSv2 (init 2026-06-28),195.28
2026-11-20,Itaituba – Tapajós,CFSv2 (init 2026-06-28),198.99
2026-11-21,Itaituba – Tapajós,CFSv2 (init 2026-06-28),202.36
2026-11-22,Itaituba – Tapajós,CFSv2 (init 2026-06-28),206.6
2026-11-23,Itaituba – Tapajós,CFSv2 (init 2026-06-28),210.02
2026-11-24,Itaituba – Tapajós,CFSv2 (init 2026-06-28),216.98
2026-11-25,Itaituba – Tapajós,CFSv2 (init 2026-06-28),220.91
2026-11-26,Itaituba – Tapajós,CFSv2 (init 2026-06-28),224.23
2026-11-27,Itaituba – Tapajós,CFSv2 (init 2026-06-28),225.8
2026-11-28,Itaituba – Tapajós,CFSv2 (init 2026-06-28),229.89
2026-11-29,Itaituba – Tapajós,CFSv2 (init 2026-06-28),232.46
2026-11-30,Itaituba – Tapajós,CFSv2 (init 2026-06-28),234.71
2026-12-01,Itaituba – Tapajós,CFSv2 (init 2026-06-28),236.93
2026-12-02,Itaituba – Tapajós,CFSv2 (init 2026-06-28),239.49
2026-12-03,Itaituba – Tapajós,CFSv2 (init 2026-06-28),242.81
2026-12-04,Itaituba – Tapajós,CFSv2 (init 2026-06-28),245.56
2026-12-05,Itaituba – Tapajós,CFSv2 (init 2026-06-28),250.56
2026-12-06,Itaituba – Tapajós,CFSv2 (init 2026-06-28),255.48
2026-12-07,Itaituba – Tapajós,CFSv2 (init 2026-06-28),261.05
2026-12-08,Itaituba – Tapajós,CFSv2 (init 2026-06-28),265.5
2026-12-09,Itaituba – Tapajós,CFSv2 (init 2026-06-28),278.14
2026-12-10,Itaituba – Tapajós,CFSv2 (init 2026-06-28),285.22
2026-12-11,Itaituba – Tapajós,CFSv2 (init 2026-06-28),291.61
2026-12-12,Itaituba – Tapajós,CFSv2 (init 2026-06-28),296.59
2026-12-13,Itaituba – Tapajós,CFSv2 (init 2026-06-28),302.95
2026-12-14,Itaituba – Tapajós,CFSv2 (init 2026-06-28),309.48
2026-12-15,Itaituba – Tapajós,CFSv2 (init 2026-06-28),322.8
2026-12-16,Itaituba – Tapajós,CFSv2 (init 2026-06-28),330.19
2026-12-17,Itaituba – Tapajós,CFSv2 (init 2026-06-28),339.85
2026-12-18,Itaituba – Tapajós,CFSv2 (init 2026-06-28),347.51
2026-12-19,Itaituba – Tapajós,CFSv2 (init 2026-06-28),353.98
2026-12-20,Itaituba – Tapajós,CFSv2 (init 2026-06-28),361.0
2026-12-21,Itaituba – Tapajós,CFSv2 (init 2026-06-28),367.83
2026-12-22,Itaituba – Tapajós,CFSv2 (init 2026-06-28),378.7
2026-12-23,Itaituba – Tapajós,CFSv2 (init 2026-06-28),390.91
2026-12-24,Itaituba – Tapajós,CFSv2 (init 2026-06-28),399.55
2026-12-25,Itaituba – Tapajós,CFSv2 (init 2026-06-28),404.41
2026-12-26,Itaituba – Tapajós,CFSv2 (init 2026-06-28),408.19
2026-12-27,Itaituba – Tapajós,CFSv2 (init 2026-06-28),412.08
2026-12-28,Itaituba – Tapajós,CFSv2 (init 2026-06-28),415.04
2026-12-29,Itaituba – Tapajós,CFSv2 (init 2026-06-28),418.2
2026-12-30,Itaituba – Tapajós,CFSv2 (init 2026-06-28),422.64
2026-12-31,Itaituba – Tapajós,CFSv2 (init 2026-06-28),425.5
2026-07-06,Itaituba – Tapajós,CFSv2 (init 2026-06-21),630.72
2026-07-07,Itaituba – Tapajós,CFSv2 (init 2026-06-21),626.68
2026-07-08,Itaituba – Tapajós,CFSv2 (init 2026-06-21),622.79
2026-07-09,Itaituba – Tapajós,CFSv2 (init 2026-06-21),619.13
2026-07-10,Itaituba – Tapajós,CFSv2 (init 2026-06-21),614.92
2026-07-11,Itaituba – Tapajós,CFSv2 (init 2026-06-21),610.68
2026-07-12,Itaituba – Tapajós,CFSv2 (init 2026-06-21),606.37
2026-07-13,Itaituba – Tapajós,CFSv2 (init 2026-06-21),601.85
2026-07-14,Itaituba – Tapajós,CFSv2 (init 2026-06-21),597.38
2026-07-15,Itaituba – Tapajós,CFSv2 (init 2026-06-21),593.18
2026-07-16,Itaituba – Tapajós,CFSv2 (init 2026-06-21),590.21
2026-07-17,Itaituba – Tapajós,CFSv2 (init 2026-06-21),587.39
2026-07-18,Itaituba – Tapajós,CFSv2 (init 2026-06-21),583.31
2026-07-19,Itaituba – Tapajós,CFSv2 (init 2026-06-21),580.46
2026-07-20,Itaituba – Tapajós,CFSv2 (init 2026-06-21),577.77
2026-07-21,Itaituba – Tapajós,CFSv2 (init 2026-06-21),574.49
2026-07-22,Itaituba – Tapajós,CFSv2 (init 2026-06-21),571.97
2026-07-23,Itaituba – Tapajós,CFSv2 (init 2026-06-21),568.3
2026-07-24,Itaituba – Tapajós,CFSv2 (init 2026-06-21),565.22
2026-07-25,Itaituba – Tapajós,CFSv2 (init 2026-06-21),562.63
2026-07-26,Itaituba – Tapajós,CFSv2 (init 2026-06-21),559.73
2026-07-27,Itaituba – Tapajós,CFSv2 (init 2026-06-21),556.5
2026-07-28,Itaituba – Tapajós,CFSv2 (init 2026-06-21),553.75
2026-07-29,Itaituba – Tapajós,CFSv2 (init 2026-06-21),551.69
2026-07-30,Itaituba – Tapajós,CFSv2 (init 2026-06-21),551.04
2026-07-31,Itaituba – Tapajós,CFSv2 (init 2026-06-21),548.92
2026-08-01,Itaituba – Tapajós,CFSv2 (init 2026-06-21),545.62
2026-08-02,Itaituba – Tapajós,CFSv2 (init 2026-06-21),542.57
2026-08-03,Itaituba – Tapajós,CFSv2 (init 2026-06-21),538.45
2026-08-04,Itaituba – Tapajós,CFSv2 (init 2026-06-21),533.94
2026-08-05,Itaituba – Tapajós,CFSv2 (init 2026-06-21),529.64
2026-08-06,Itaituba – Tapajós,CFSv2 (init 2026-06-21),525.79
2026-08-07,Itaituba – Tapajós,CFSv2 (init 2026-06-21),522.92
2026-08-08,Itaituba – Tapajós,CFSv2 (init 2026-06-21),519.49
2026-08-09,Itaituba – Tapajós,CFSv2 (init 2026-06-21),516.29
2026-08-10,Itaituba – Tapajós,CFSv2 (init 2026-06-21),512.77
2026-08-11,Itaituba – Tapajós,CFSv2 (init 2026-06-21),508.94
2026-08-12,Itaituba – Tapajós,CFSv2 (init 2026-06-21),504.56
2026-08-13,Itaituba – Tapajós,CFSv2 (init 2026-06-21),499.49
2026-08-14,Itaituba – Tapajós,CFSv2 (init 2026-06-21),493.32
2026-08-15,Itaituba – Tapajós,CFSv2 (init 2026-06-21),486.75
2026-08-16,Itaituba – Tapajós,CFSv2 (init 2026-06-21),480.54
2026-08-17,Itaituba – Tapajós,CFSv2 (init 2026-06-21),474.91
2026-08-18,Itaituba – Tapajós,CFSv2 (init 2026-06-21),469.93
2026-08-19,Itaituba – Tapajós,CFSv2 (init 2026-06-21),465.09
2026-08-20,Itaituba – Tapajós,CFSv2 (init 2026-06-21),460.46
2026-08-21,Itaituba – Tapajós,CFSv2 (init 2026-06-21),455.3
2026-08-22,Itaituba – Tapajós,CFSv2 (init 2026-06-21),449.92
2026-08-23,Itaituba – Tapajós,CFSv2 (init 2026-06-21),445.06
2026-08-24,Itaituba – Tapajós,CFSv2 (init 2026-06-21),440.06
2026-08-25,Itaituba – Tapajós,CFSv2 (init 2026-06-21),435.25
2026-08-26,Itaituba – Tapajós,CFSv2 (init 2026-06-21),430.42
2026-08-27,Itaituba – Tapajós,CFSv2 (init 2026-06-21),426.5
2026-08-28,Itaituba – Tapajós,CFSv2 (init 2026-06-21),421.87
2026-08-29,Itaituba – Tapajós,CFSv2 (init 2026-06-21),418.34
2026-08-30,Itaituba – Tapajós,CFSv2 (init 2026-06-21),413.94
2026-08-31,Itaituba – Tapajós,CFSv2 (init 2026-06-21),410.38
2026-09-01,Itaituba – Tapajós,CFSv2 (init 2026-06-21),406.14
2026-09-02,Itaituba – Tapajós,CFSv2 (init 2026-06-21),401.27
2026-09-03,Itaituba – Tapajós,CFSv2 (init 2026-06-21),395.93
2026-09-04,Itaituba – Tapajós,CFSv2 (init 2026-06-21),390.12
2026-09-05,Itaituba – Tapajós,CFSv2 (init 2026-06-21),384.03
2026-09-06,Itaituba – Tapajós,CFSv2 (init 2026-06-21),377.65
2026-09-07,Itaituba – Tapajós,CFSv2 (init 2026-06-21),370.58
2026-09-08,Itaituba – Tapajós,CFSv2 (init 2026-06-21),363.14
2026-09-09,Itaituba – Tapajós,CFSv2 (init 2026-06-21),355.43
2026-09-10,Itaituba – Tapajós,CFSv2 (init 2026-06-21),347.62
2026-09-11,Itaituba – Tapajós,CFSv2 (init 2026-06-21),339.72
2026-09-12,Itaituba – Tapajós,CFSv2 (init 2026-06-21),331.61
2026-09-13,Itaituba – Tapajós,CFSv2 (init 2026-06-21),323.34
2026-09-14,Itaituba – Tapajós,CFSv2 (init 2026-06-21),316.35
2026-09-15,Itaituba – Tapajós,CFSv2 (init 2026-06-21),307.95
2026-09-16,Itaituba – Tapajós,CFSv2 (init 2026-06-21),299.81
2026-09-17,Itaituba – Tapajós,CFSv2 (init 2026-06-21),291.4
2026-09-18,Itaituba – Tapajós,CFSv2 (init 2026-06-21),283.15
2026-09-19,Itaituba – Tapajós,CFSv2 (init 2026-06-21),275.24
2026-09-20,Itaituba – Tapajós,CFSv2 (init 2026-06-21),268.12
2026-09-21,Itaituba – Tapajós,CFSv2 (init 2026-06-21),260.67
2026-09-22,Itaituba – Tapajós,CFSv2 (init 2026-06-21),253.77
2026-09-23,Itaituba – Tapajós,CFSv2 (init 2026-06-21),247.4
2026-09-24,Itaituba – Tapajós,CFSv2 (init 2026-06-21),241.21
2026-09-25,Itaituba – Tapajós,CFSv2 (init 2026-06-21),235.07
2026-09-26,Itaituba – Tapajós,CFSv2 (init 2026-06-21),228.51
2026-09-27,Itaituba – Tapajós,CFSv2 (init 2026-06-21),221.96
2026-09-28,Itaituba – Tapajós,CFSv2 (init 2026-06-21),215.81
2026-09-29,Itaituba – Tapajós,CFSv2 (init 2026-06-21),209.35
2026-09-30,Itaituba – Tapajós,CFSv2 (init 2026-06-21),204.18
2026-10-01,Itaituba – Tapajós,CFSv2 (init 2026-06-21),198.7
2026-10-02,Itaituba – Tapajós,CFSv2 (init 2026-06-21),193.85
2026-10-03,Itaituba – Tapajós,CFSv2 (init 2026-06-21),189.56
2026-10-04,Itaituba – Tapajós,CFSv2 (init 2026-06-21),184.32
2026-10-05,Itaituba – Tapajós,CFSv2 (init 2026-06-21),179.23
2026-10-06,Itaituba – Tapajós,CFSv2 (init 2026-06-21),174.92
2026-10-07,Itaituba – Tapajós,CFSv2 (init 2026-06-21),171.06
2026-10-08,Itaituba – Tapajós,CFSv2 (init 2026-06-21),166.86
2026-10-09,Itaituba – Tapajós,CFSv2 (init 2026-06-21),162.89
2026-10-10,Itaituba – Tapajós,CFSv2 (init 2026-06-21),159.21
2026-10-11,Itaituba – Tapajós,CFSv2 (init 2026-06-21),156.19
2026-10-12,Itaituba – Tapajós,CFSv2 (init 2026-06-21),154.27
2026-10-13,Itaituba – Tapajós,CFSv2 (init 2026-06-21),152.8
2026-10-14,Itaituba – Tapajós,CFSv2 (init 2026-06-21),150.99
2026-10-15,Itaituba – Tapajós,CFSv2 (init 2026-06-21),149.37
2026-10-16,Itaituba – Tapajós,CFSv2 (init 2026-06-21),147.67
2026-10-17,Itaituba – Tapajós,CFSv2 (init 2026-06-21),146.11
2026-10-18,Itaituba – Tapajós,CFSv2 (init 2026-06-21),144.68
2026-10-19,Itaituba – Tapajós,CFSv2 (init 2026-06-21),144.51
2026-10-20,Itaituba – Tapajós,CFSv2 (init 2026-06-21),144.22
2026-10-21,Itaituba – Tapajós,CFSv2 (init 2026-06-21),145.1
2026-10-22,Itaituba – Tapajós,CFSv2 (init 2026-06-21),144.88
2026-10-23,Itaituba – Tapajós,CFSv2 (init 2026-06-21),145.43
2026-10-24,Itaituba – Tapajós,CFSv2 (init 2026-06-21),146.39
2026-10-25,Itaituba – Tapajós,CFSv2 (init 2026-06-21),151.54
2026-10-26,Itaituba – Tapajós,CFSv2 (init 2026-06-21),154.66
2026-10-27,Itaituba – Tapajós,CFSv2 (init 2026-06-21),156.25
2026-10-28,Itaituba – Tapajós,CFSv2 (init 2026-06-21),157.03
2026-10-29,Itaituba – Tapajós,CFSv2 (init 2026-06-21),161.62
2026-10-30,Itaituba – Tapajós,CFSv2 (init 2026-06-21),177.83
2026-10-31,Itaituba – Tapajós,CFSv2 (init 2026-06-21),180.45
2026-11-01,Itaituba – Tapajós,CFSv2 (init 2026-06-21),182.29
2026-11-02,Itaituba – Tapajós,CFSv2 (init 2026-06-21),184.03
2026-11-03,Itaituba – Tapajós,CFSv2 (init 2026-06-21),187.41
2026-11-04,Itaituba – Tapajós,CFSv2 (init 2026-06-21),192.11
2026-11-05,Itaituba – Tapajós,CFSv2 (init 2026-06-21),196.17
2026-11-06,Itaituba – Tapajós,CFSv2 (init 2026-06-21),198.33
2026-11-07,Itaituba – Tapajós,CFSv2 (init 2026-06-21),200.44
2026-11-08,Itaituba – Tapajós,CFSv2 (init 2026-06-21),201.18
2026-11-09,Itaituba – Tapajós,CFSv2 (init 2026-06-21),202.34
2026-11-10,Itaituba – Tapajós,CFSv2 (init 2026-06-21),203.05
2026-11-11,Itaituba – Tapajós,CFSv2 (init 2026-06-21),203.0
2026-11-12,Itaituba – Tapajós,CFSv2 (init 2026-06-21),204.17
2026-11-13,Itaituba – Tapajós,CFSv2 (init 2026-06-21),203.96
2026-11-14,Itaituba – Tapajós,CFSv2 (init 2026-06-21),205.22
2026-11-15,Itaituba – Tapajós,CFSv2 (init 2026-06-21),206.07
2026-11-16,Itaituba – Tapajós,CFSv2 (init 2026-06-21),210.51
2026-11-17,Itaituba – Tapajós,CFSv2 (init 2026-06-21),213.85
2026-11-18,Itaituba – Tapajós,CFSv2 (init 2026-06-21),217.82
2026-11-19,Itaituba – Tapajós,CFSv2 (init 2026-06-21),233.57
2026-11-20,Itaituba – Tapajós,CFSv2 (init 2026-06-21),238.78
2026-11-21,Itaituba – Tapajós,CFSv2 (init 2026-06-21),242.41
2026-11-22,Itaituba – Tapajós,CFSv2 (init 2026-06-21),245.9
2026-11-23,Itaituba – Tapajós,CFSv2 (init 2026-06-21),249.65
2026-11-24,Itaituba – Tapajós,CFSv2 (init 2026-06-21),253.33
2026-11-25,Itaituba – Tapajós,CFSv2 (init 2026-06-21),257.21
2026-11-26,Itaituba – Tapajós,CFSv2 (init 2026-06-21),262.44
2026-11-27,Itaituba – Tapajós,CFSv2 (init 2026-06-21),265.56
2026-11-28,Itaituba – Tapajós,CFSv2 (init 2026-06-21),271.03
2026-11-29,Itaituba – Tapajós,CFSv2 (init 2026-06-21),276.3
2026-11-30,Itaituba – Tapajós,CFSv2 (init 2026-06-21),280.39
2026-12-01,Itaituba – Tapajós,CFSv2 (init 2026-06-21),286.09
2026-12-02,Itaituba – Tapajós,CFSv2 (init 2026-06-21),299.64
2026-12-03,Itaituba – Tapajós,CFSv2 (init 2026-06-21),304.4
2026-12-04,Itaituba – Tapajós,CFSv2 (init 2026-06-21),308.02
2026-12-05,Itaituba – Tapajós,CFSv2 (init 2026-06-21),312.72
2026-12-06,Itaituba – Tapajós,CFSv2 (init 2026-06-21),317.79
2026-12-07,Itaituba – Tapajós,CFSv2 (init 2026-06-21),323.85
2026-12-08,Itaituba – Tapajós,CFSv2 (init 2026-06-21),330.05
2026-12-09,Itaituba – Tapajós,CFSv2 (init 2026-06-21),335.69
2026-12-10,Itaituba – Tapajós,CFSv2 (init 2026-06-21),341.36
2026-12-11,Itaituba – Tapajós,CFSv2 (init 2026-06-21),347.51
2026-12-12,Itaituba – Tapajós,CFSv2 (init 2026-06-21),357.55
2026-12-13,Itaituba – Tapajós,CFSv2 (init 2026-06-21),363.54
2026-12-14,Itaituba – Tapajós,CFSv2 (init 2026-06-21),368.45
2026-12-15,Itaituba – Tapajós,CFSv2 (init 2026-06-21),374.06
2026-12-16,Itaituba – Tapajós,CFSv2 (init 2026-06-21),382.68
2026-12-17,Itaituba – Tapajós,CFSv2 (init 2026-06-21),393.64
2026-12-18,Itaituba – Tapajós,CFSv2 (init 2026-06-21),401.4
2026-12-19,Itaituba – Tapajós,CFSv2 (init 2026-06-21),407.89
2026-12-20,Itaituba – Tapajós,CFSv2 (init 2026-06-21),415.72
2026-12-21,Itaituba – Tapajós,CFSv2 (init 2026-06-21),422.32
2026-12-22,Itaituba – Tapajós,CFSv2 (init 2026-06-21),430.85
2026-12-23,Itaituba – Tapajós,CFSv2 (init 2026-06-21),438.67
2026-12-24,Itaituba – Tapajós,CFSv2 (init 2026-06-21),446.49
2026-12-25,Itaituba – Tapajós,CFSv2 (init 2026-06-21),450.72
2026-12-26,Itaituba – Tapajós,CFSv2 (init 2026-06-21),453.8
2026-12-27,Itaituba – Tapajós,CFSv2 (init 2026-06-21),456.67
2026-12-28,Itaituba – Tapajós,CFSv2 (init 2026-06-21),461.7
2026-12-29,Itaituba – Tapajós,CFSv2 (init 2026-06-21),466.43
2026-12-30,Itaituba – Tapajós,CFSv2 (init 2026-06-21),471.28
2026-12-31,Itaituba – Tapajós,CFSv2 (init 2026-06-21),475.12
2026-07-06,Itaituba – Tapajós,ECMWF SEAS (init 2026-07-01),630.69
2026-07-07,Itaituba – Tapajós,ECMWF SEAS (init 2026-07-01),626.97
2026-07-08,Itaituba – Tapajós,ECMWF SEAS (init 2026-07-01),623.92
2026-07-09,Itaituba – Tapajós,ECMWF SEAS (init 2026-07-01),620.66
2026-07-10,Itaituba – Tapajós,ECMWF SEAS (init 2026-07-01),616.89
2026-07-11,Itaituba – Tapajós,ECMWF SEAS (init 2026-07-01),613.42
2026-07-12,Itaituba – Tapajós,ECMWF SEAS (init 2026-07-01),609.53
2026-07-13,Itaituba – Tapajós,ECMWF SEAS (init 2026-07-01),606.07
2026-07-14,Itaituba – Tapajós,ECMWF SEAS (init 2026-07-01),602.53
2026-07-15,Itaituba – Tapajós,ECMWF SEAS (init 2026-07-01),599.28
2026-07-16,Itaituba – Tapajós,ECMWF SEAS (init 2026-07-01),597.24
2026-07-17,Itaituba – Tapajós,ECMWF SEAS (init 2026-07-01),596.45
2026-07-18,Itaituba – Tapajós,ECMWF SEAS (init 2026-07-01),593.69
2026-07-19,Itaituba – Tapajós,ECMWF SEAS (init 2026-07-01),592.52
2026-07-20,Itaituba – Tapajós,ECMWF SEAS (init 2026-07-01),591.37
2026-07-21,Itaituba – Tapajós,ECMWF SEAS (init 2026-07-01),589.08
2026-07-22,Itaituba – Tapajós,ECMWF SEAS (init 2026-07-01),586.97
2026-07-23,Itaituba – Tapajós,ECMWF SEAS (init 2026-07-01),583.81
2026-07-24,Itaituba – Tapajós,ECMWF SEAS (init 2026-07-01),580.82
2026-07-25,Itaituba – Tapajós,ECMWF SEAS (init 2026-07-01),578.21
2026-07-26,Itaituba – Tapajós,ECMWF SEAS (init 2026-07-01),575.67
2026-07-27,Itaituba – Tapajós,ECMWF SEAS (init 2026-07-01),572.83
2026-07-28,Itaituba – Tapajós,ECMWF SEAS (init 2026-07-01),570.32
2026-07-29,Itaituba – Tapajós,ECMWF SEAS (init 2026-07-01),568.44
2026-07-30,Itaituba – Tapajós,ECMWF SEAS (init 2026-07-01),567.4
2026-07-31,Itaituba – Tapajós,ECMWF SEAS (init 2026-07-01),565.22
2026-08-01,Itaituba – Tapajós,ECMWF SEAS (init 2026-07-01),562.76
2026-08-02,Itaituba – Tapajós,ECMWF SEAS (init 2026-07-01),559.79
2026-08-03,Itaituba – Tapajós,ECMWF SEAS (init 2026-07-01),555.97
2026-08-04,Itaituba – Tapajós,ECMWF SEAS (init 2026-07-01),552.26
2026-08-05,Itaituba – Tapajós,ECMWF SEAS (init 2026-07-01),548.45
2026-08-06,Itaituba – Tapajós,ECMWF SEAS (init 2026-07-01),545.35
2026-08-07,Itaituba – Tapajós,ECMWF SEAS (init 2026-07-01),543.37
2026-08-08,Itaituba – Tapajós,ECMWF SEAS (init 2026-07-01),540.94
2026-08-09,Itaituba – Tapajós,ECMWF SEAS (init 2026-07-01),538.5
2026-08-10,Itaituba – Tapajós,ECMWF SEAS (init 2026-07-01),536.25
2026-08-11,Itaituba – Tapajós,ECMWF SEAS (init 2026-07-01),533.4
2026-08-12,Itaituba – Tapajós,ECMWF SEAS (init 2026-07-01),529.98
2026-08-13,Itaituba – Tapajós,ECMWF SEAS (init 2026-07-01),525.97
2026-08-14,Itaituba – Tapajós,ECMWF SEAS (init 2026-07-01),519.79
2026-08-15,Itaituba – Tapajós,ECMWF SEAS (init 2026-07-01),513.95
2026-08-16,Itaituba – Tapajós,ECMWF SEAS (init 2026-07-01),508.73
2026-08-17,Itaituba – Tapajós,ECMWF SEAS (init 2026-07-01),503.72
2026-08-18,Itaituba – Tapajós,ECMWF SEAS (init 2026-07-01),499.35
2026-08-19,Itaituba – Tapajós,ECMWF SEAS (init 2026-07-01),495.3
2026-08-20,Itaituba – Tapajós,ECMWF SEAS (init 2026-07-01),490.99
2026-08-21,Itaituba – Tapajós,ECMWF SEAS (init 2026-07-01),486.73
2026-08-22,Itaituba – Tapajós,ECMWF SEAS (init 2026-07-01),481.78
2026-08-23,Itaituba – Tapajós,ECMWF SEAS (init 2026-07-01),477.12
2026-08-24,Itaituba – Tapajós,ECMWF SEAS (init 2026-07-01),472.5
2026-08-25,Itaituba – Tapajós,ECMWF SEAS (init 2026-07-01),468.83
2026-08-26,Itaituba – Tapajós,ECMWF SEAS (init 2026-07-01),465.48
2026-08-27,Itaituba – Tapajós,ECMWF SEAS (init 2026-07-01),462.03
2026-08-28,Itaituba – Tapajós,ECMWF SEAS (init 2026-07-01),458.26
2026-08-29,Itaituba – Tapajós,ECMWF SEAS (init 2026-07-01),455.56
2026-08-30,Itaituba – Tapajós,ECMWF SEAS (init 2026-07-01),452.25
2026-08-31,Itaituba – Tapajós,ECMWF SEAS (init 2026-07-01),449.74
2026-09-01,Itaituba – Tapajós,ECMWF SEAS (init 2026-07-01),446.63
2026-09-02,Itaituba – Tapajós,ECMWF SEAS (init 2026-07-01),443.08
2026-09-03,Itaituba – Tapajós,ECMWF SEAS (init 2026-07-01),438.42
2026-09-04,Itaituba – Tapajós,ECMWF SEAS (init 2026-07-01),433.35
2026-09-05,Itaituba – Tapajós,ECMWF SEAS (init 2026-07-01),428.48
2026-09-06,Itaituba – Tapajós,ECMWF SEAS (init 2026-07-01),422.85
2026-09-07,Itaituba – Tapajós,ECMWF SEAS (init 2026-07-01),416.36
2026-09-08,Itaituba – Tapajós,ECMWF SEAS (init 2026-07-01),409.5
2026-09-09,Itaituba – Tapajós,ECMWF SEAS (init 2026-07-01),402.42
2026-09-10,Itaituba – Tapajós,ECMWF SEAS (init 2026-07-01),394.86
2026-09-11,Itaituba – Tapajós,ECMWF SEAS (init 2026-07-01),387.54
2026-09-12,Itaituba – Tapajós,ECMWF SEAS (init 2026-07-01),380.05
2026-09-13,Itaituba – Tapajós,ECMWF SEAS (init 2026-07-01),372.4
2026-09-14,Itaituba – Tapajós,ECMWF SEAS (init 2026-07-01),365.48
2026-09-15,Itaituba – Tapajós,ECMWF SEAS (init 2026-07-01),358.35
2026-09-16,Itaituba – Tapajós,ECMWF SEAS (init 2026-07-01),351.08
2026-09-17,Itaituba – Tapajós,ECMWF SEAS (init 2026-07-01),343.83
2026-09-18,Itaituba – Tapajós,ECMWF SEAS (init 2026-07-01),336.6
2026-09-19,Itaituba – Tapajós,ECMWF SEAS (init 2026-07-01),329.47
2026-09-20,Itaituba – Tapajós,ECMWF SEAS (init 2026-07-01),323.19
2026-09-21,Itaituba – Tapajós,ECMWF SEAS (init 2026-07-01),316.07
2026-09-22,Itaituba – Tapajós,ECMWF SEAS (init 2026-07-01),309.37
2026-09-23,Itaituba – Tapajós,ECMWF SEAS (init 2026-07-01),303.53
2026-09-24,Itaituba – Tapajós,ECMWF SEAS (init 2026-07-01),297.91
2026-09-25,Itaituba – Tapajós,ECMWF SEAS (init 2026-07-01),292.8
2026-09-26,Itaituba – Tapajós,ECMWF SEAS (init 2026-07-01),286.58
2026-09-27,Itaituba – Tapajós,ECMWF SEAS (init 2026-07-01),280.63
2026-09-28,Itaituba – Tapajós,ECMWF SEAS (init 2026-07-01),274.42
2026-09-29,Itaituba – Tapajós,ECMWF SEAS (init 2026-07-01),268.58
2026-09-30,Itaituba – Tapajós,ECMWF SEAS (init 2026-07-01),263.63
2026-10-01,Itaituba – Tapajós,ECMWF SEAS (init 2026-07-01),258.64
2026-10-02,Itaituba – Tapajós,ECMWF SEAS (init 2026-07-01),254.9
2026-10-03,Itaituba – Tapajós,ECMWF SEAS (init 2026-07-01),251.6
2026-10-04,Itaituba – Tapajós,ECMWF SEAS (init 2026-07-01),247.07
2026-10-05,Itaituba – Tapajós,ECMWF SEAS (init 2026-07-01),242.72
2026-10-06,Itaituba – Tapajós,ECMWF SEAS (init 2026-07-01),238.63
2026-10-07,Itaituba – Tapajós,ECMWF SEAS (init 2026-07-01),235.3
2026-10-08,Itaituba – Tapajós,ECMWF SEAS (init 2026-07-01),231.52
2026-10-09,Itaituba – Tapajós,ECMWF SEAS (init 2026-07-01),228.24
2026-10-10,Itaituba – Tapajós,ECMWF SEAS (init 2026-07-01),225.51
2026-10-11,Itaituba – Tapajós,ECMWF SEAS (init 2026-07-01),223.31
2026-10-12,Itaituba – Tapajós,ECMWF SEAS (init 2026-07-01),222.27
2026-10-13,Itaituba – Tapajós,ECMWF SEAS (init 2026-07-01),221.17
2026-10-14,Itaituba – Tapajós,ECMWF SEAS (init 2026-07-01),220.13
2026-10-15,Itaituba – Tapajós,ECMWF SEAS (init 2026-07-01),218.86
2026-10-16,Itaituba – Tapajós,ECMWF SEAS (init 2026-07-01),217.51
2026-10-17,Itaituba – Tapajós,ECMWF SEAS (init 2026-07-01),216.5
2026-10-18,Itaituba – Tapajós,ECMWF SEAS (init 2026-07-01),215.56
2026-10-19,Itaituba – Tapajós,ECMWF SEAS (init 2026-07-01),215.59
2026-10-20,Itaituba – Tapajós,ECMWF SEAS (init 2026-07-01),215.46
2026-10-21,Itaituba – Tapajós,ECMWF SEAS (init 2026-07-01),216.27
2026-10-22,Itaituba – Tapajós,ECMWF SEAS (init 2026-07-01),216.57
2026-10-23,Itaituba – Tapajós,ECMWF SEAS (init 2026-07-01),216.83
2026-10-24,Itaituba – Tapajós,ECMWF SEAS (init 2026-07-01),217.66
2026-10-25,Itaituba – Tapajós,ECMWF SEAS (init 2026-07-01),219.36
2026-10-26,Itaituba – Tapajós,ECMWF SEAS (init 2026-07-01),221.81
2026-10-27,Itaituba – Tapajós,ECMWF SEAS (init 2026-07-01),223.52
2026-10-28,Itaituba – Tapajós,ECMWF SEAS (init 2026-07-01),224.51
2026-10-29,Itaituba – Tapajós,ECMWF SEAS (init 2026-07-01),226.01
2026-10-30,Itaituba – Tapajós,ECMWF SEAS (init 2026-07-01),227.94
2026-10-31,Itaituba – Tapajós,ECMWF SEAS (init 2026-07-01),229.94
2026-11-01,Itaituba – Tapajós,ECMWF SEAS (init 2026-07-01),232.09
2026-11-02,Itaituba – Tapajós,ECMWF SEAS (init 2026-07-01),233.92
2026-11-03,Itaituba – Tapajós,ECMWF SEAS (init 2026-07-01),235.53
2026-11-04,Itaituba – Tapajós,ECMWF SEAS (init 2026-07-01),237.45
2026-11-05,Itaituba – Tapajós,ECMWF SEAS (init 2026-07-01),238.06
2026-11-06,Itaituba – Tapajós,ECMWF SEAS (init 2026-07-01),239.38
2026-11-07,Itaituba – Tapajós,ECMWF SEAS (init 2026-07-01),240.17
2026-11-08,Itaituba – Tapajós,ECMWF SEAS (init 2026-07-01),240.73
2026-11-09,Itaituba – Tapajós,ECMWF SEAS (init 2026-07-01),240.78
2026-11-10,Itaituba – Tapajós,ECMWF SEAS (init 2026-07-01),240.86
2026-11-11,Itaituba – Tapajós,ECMWF SEAS (init 2026-07-01),240.89
2026-11-12,Itaituba – Tapajós,ECMWF SEAS (init 2026-07-01),242.63
2026-11-13,Itaituba – Tapajós,ECMWF SEAS (init 2026-07-01),242.07
2026-11-14,Itaituba – Tapajós,ECMWF SEAS (init 2026-07-01),242.4
2026-11-15,Itaituba – Tapajós,ECMWF SEAS (init 2026-07-01),243.59
2026-11-16,Itaituba – Tapajós,ECMWF SEAS (init 2026-07-01),246.66
2026-11-17,Itaituba – Tapajós,ECMWF SEAS (init 2026-07-01),249.15
2026-11-18,Itaituba – Tapajós,ECMWF SEAS (init 2026-07-01),252.95
2026-11-19,Itaituba – Tapajós,ECMWF SEAS (init 2026-07-01),256.73
2026-11-20,Itaituba – Tapajós,ECMWF SEAS (init 2026-07-01),260.94
2026-11-21,Itaituba – Tapajós,ECMWF SEAS (init 2026-07-01),264.91
2026-11-22,Itaituba – Tapajós,ECMWF SEAS (init 2026-07-01),269.4
2026-11-23,Itaituba – Tapajós,ECMWF SEAS (init 2026-07-01),273.08
2026-11-24,Itaituba – Tapajós,ECMWF SEAS (init 2026-07-01),277.32
2026-11-25,Itaituba – Tapajós,ECMWF SEAS (init 2026-07-01),281.58
2026-11-26,Itaituba – Tapajós,ECMWF SEAS (init 2026-07-01),284.68
2026-11-27,Itaituba – Tapajós,ECMWF SEAS (init 2026-07-01),287.5
2026-11-28,Itaituba – Tapajós,ECMWF SEAS (init 2026-07-01),291.92
2026-11-29,Itaituba – Tapajós,ECMWF SEAS (init 2026-07-01),295.32
2026-11-30,Itaituba – Tapajós,ECMWF SEAS (init 2026-07-01),299.24
2026-12-01,Itaituba – Tapajós,ECMWF SEAS (init 2026-07-01),302.44
2026-12-02,Itaituba – Tapajós,ECMWF SEAS (init 2026-07-01),306.02
2026-12-03,Itaituba – Tapajós,ECMWF SEAS (init 2026-07-01),309.23
2026-12-04,Itaituba – Tapajós,ECMWF SEAS (init 2026-07-01),312.82
2026-12-05,Itaituba – Tapajós,ECMWF SEAS (init 2026-07-01),316.38
2026-12-06,Itaituba – Tapajós,ECMWF SEAS (init 2026-07-01),320.39
2026-12-07,Itaituba – Tapajós,ECMWF SEAS (init 2026-07-01),326.09
2026-12-08,Itaituba – Tapajós,ECMWF SEAS (init 2026-07-01),331.3
2026-12-09,Itaituba – Tapajós,ECMWF SEAS (init 2026-07-01),336.47
2026-12-10,Itaituba – Tapajós,ECMWF SEAS (init 2026-07-01),343.49
2026-12-11,Itaituba – Tapajós,ECMWF SEAS (init 2026-07-01),350.89
2026-12-12,Itaituba – Tapajós,ECMWF SEAS (init 2026-07-01),358.43
2026-12-13,Itaituba – Tapajós,ECMWF SEAS (init 2026-07-01),364.69
2026-12-14,Itaituba – Tapajós,ECMWF SEAS (init 2026-07-01),370.05
2026-12-15,Itaituba – Tapajós,ECMWF SEAS (init 2026-07-01),376.53
2026-12-16,Itaituba – Tapajós,ECMWF SEAS (init 2026-07-01),382.01
2026-12-17,Itaituba – Tapajós,ECMWF SEAS (init 2026-07-01),388.78
2026-12-18,Itaituba – Tapajós,ECMWF SEAS (init 2026-07-01),396.35
2026-12-19,Itaituba – Tapajós,ECMWF SEAS (init 2026-07-01),403.15
2026-12-20,Itaituba – Tapajós,ECMWF SEAS (init 2026-07-01),410.47
2026-12-21,Itaituba – Tapajós,ECMWF SEAS (init 2026-07-01),417.64
2026-12-22,Itaituba – Tapajós,ECMWF SEAS (init 2026-07-01),423.91
2026-12-23,Itaituba – Tapajós,ECMWF SEAS (init 2026-07-01),431.41
2026-12-24,Itaituba – Tapajós,ECMWF SEAS (init 2026-07-01),437.67
2026-12-25,Itaituba – Tapajós,ECMWF SEAS (init 2026-07-01),443.28
2026-12-26,Itaituba – Tapajós,ECMWF SEAS (init 2026-07-01),446.92
2026-12-27,Itaituba – Tapajós,ECMWF SEAS (init 2026-07-01),450.91
2026-12-28,Itaituba – Tapajós,ECMWF SEAS (init 2026-07-01),455.05
2026-12-29,Itaituba – Tapajós,ECMWF SEAS (init 2026-07-01),458.83
2026-12-30,Itaituba – Tapajós,ECMWF SEAS (init 2026-07-01),463.48
2026-12-31,Itaituba – Tapajós,ECMWF SEAS (init 2026-07-01),467.36
2026-07-06,Itaituba – Tapajós,ECMWF SEAS (init 2026-06-01),631.31
2026-07-07,Itaituba – Tapajós,ECMWF SEAS (init 2026-06-01),628.33
2026-07-08,Itaituba – Tapajós,ECMWF SEAS (init 2026-06-01),625.25
2026-07-09,Itaituba – Tapajós,ECMWF SEAS (init 2026-06-01),622.35
2026-07-10,Itaituba – Tapajós,ECMWF SEAS (init 2026-06-01),619.0
2026-07-11,Itaituba – Tapajós,ECMWF SEAS (init 2026-06-01),615.81
2026-07-12,Itaituba – Tapajós,ECMWF SEAS (init 2026-06-01),612.62
2026-07-13,Itaituba – Tapajós,ECMWF SEAS (init 2026-06-01),609.21
2026-07-14,Itaituba – Tapajós,ECMWF SEAS (init 2026-06-01),605.99
2026-07-15,Itaituba – Tapajós,ECMWF SEAS (init 2026-06-01),602.28
2026-07-16,Itaituba – Tapajós,ECMWF SEAS (init 2026-06-01),599.8
2026-07-17,Itaituba – Tapajós,ECMWF SEAS (init 2026-06-01),597.74
2026-07-18,Itaituba – Tapajós,ECMWF SEAS (init 2026-06-01),594.38
2026-07-19,Itaituba – Tapajós,ECMWF SEAS (init 2026-06-01),592.08
2026-07-20,Itaituba – Tapajós,ECMWF SEAS (init 2026-06-01),590.09
2026-07-21,Itaituba – Tapajós,ECMWF SEAS (init 2026-06-01),587.91
2026-07-22,Itaituba – Tapajós,ECMWF SEAS (init 2026-06-01),586.25
2026-07-23,Itaituba – Tapajós,ECMWF SEAS (init 2026-06-01),583.25
2026-07-24,Itaituba – Tapajós,ECMWF SEAS (init 2026-06-01),580.62
2026-07-25,Itaituba – Tapajós,ECMWF SEAS (init 2026-06-01),577.61
2026-07-26,Itaituba – Tapajós,ECMWF SEAS (init 2026-06-01),575.1
2026-07-27,Itaituba – Tapajós,ECMWF SEAS (init 2026-06-01),572.46
2026-07-28,Itaituba – Tapajós,ECMWF SEAS (init 2026-06-01),570.69
2026-07-29,Itaituba – Tapajós,ECMWF SEAS (init 2026-06-01),569.21
2026-07-30,Itaituba – Tapajós,ECMWF SEAS (init 2026-06-01),568.34
2026-07-31,Itaituba – Tapajós,ECMWF SEAS (init 2026-06-01),566.19
2026-08-01,Itaituba – Tapajós,ECMWF SEAS (init 2026-06-01),563.53
2026-08-02,Itaituba – Tapajós,ECMWF SEAS (init 2026-06-01),560.23
2026-08-03,Itaituba – Tapajós,ECMWF SEAS (init 2026-06-01),556.45
2026-08-04,Itaituba – Tapajós,ECMWF SEAS (init 2026-06-01),552.54
2026-08-05,Itaituba – Tapajós,ECMWF SEAS (init 2026-06-01),548.74
2026-08-06,Itaituba – Tapajós,ECMWF SEAS (init 2026-06-01),545.6
2026-08-07,Itaituba – Tapajós,ECMWF SEAS (init 2026-06-01),543.66
2026-08-08,Itaituba – Tapajós,ECMWF SEAS (init 2026-06-01),540.99
2026-08-09,Itaituba – Tapajós,ECMWF SEAS (init 2026-06-01),538.71
2026-08-10,Itaituba – Tapajós,ECMWF SEAS (init 2026-06-01),535.7
2026-08-11,Itaituba – Tapajós,ECMWF SEAS (init 2026-06-01),532.71
2026-08-12,Itaituba – Tapajós,ECMWF SEAS (init 2026-06-01),529.12
2026-08-13,Itaituba – Tapajós,ECMWF SEAS (init 2026-06-01),524.93
2026-08-14,Itaituba – Tapajós,ECMWF SEAS (init 2026-06-01),518.78
2026-08-15,Itaituba – Tapajós,ECMWF SEAS (init 2026-06-01),512.79
2026-08-16,Itaituba – Tapajós,ECMWF SEAS (init 2026-06-01),507.26
2026-08-17,Itaituba – Tapajós,ECMWF SEAS (init 2026-06-01),502.32
2026-08-18,Itaituba – Tapajós,ECMWF SEAS (init 2026-06-01),498.17
2026-08-19,Itaituba – Tapajós,ECMWF SEAS (init 2026-06-01),494.06
2026-08-20,Itaituba – Tapajós,ECMWF SEAS (init 2026-06-01),489.94
2026-08-21,Itaituba – Tapajós,ECMWF SEAS (init 2026-06-01),485.48
2026-08-22,Itaituba – Tapajós,ECMWF SEAS (init 2026-06-01),480.54
2026-08-23,Itaituba – Tapajós,ECMWF SEAS (init 2026-06-01),476.03
2026-08-24,Itaituba – Tapajós,ECMWF SEAS (init 2026-06-01),471.62
2026-08-25,Itaituba – Tapajós,ECMWF SEAS (init 2026-06-01),467.37
2026-08-26,Itaituba – Tapajós,ECMWF SEAS (init 2026-06-01),463.05
2026-08-27,Itaituba – Tapajós,ECMWF SEAS (init 2026-06-01),459.84
2026-08-28,Itaituba – Tapajós,ECMWF SEAS (init 2026-06-01),455.88
2026-08-29,Itaituba – Tapajós,ECMWF SEAS (init 2026-06-01),453.17
2026-08-30,Itaituba – Tapajós,ECMWF SEAS (init 2026-06-01),449.6
2026-08-31,Itaituba – Tapajós,ECMWF SEAS (init 2026-06-01),447.26
2026-09-01,Itaituba – Tapajós,ECMWF SEAS (init 2026-06-01),443.75
2026-09-02,Itaituba – Tapajós,ECMWF SEAS (init 2026-06-01),439.57
2026-09-03,Itaituba – Tapajós,ECMWF SEAS (init 2026-06-01),434.81
2026-09-04,Itaituba – Tapajós,ECMWF SEAS (init 2026-06-01),429.56
2026-09-05,Itaituba – Tapajós,ECMWF SEAS (init 2026-06-01),423.88
2026-09-06,Itaituba – Tapajós,ECMWF SEAS (init 2026-06-01),418.08
2026-09-07,Itaituba – Tapajós,ECMWF SEAS (init 2026-06-01),411.56
2026-09-08,Itaituba – Tapajós,ECMWF SEAS (init 2026-06-01),404.84
2026-09-09,Itaituba – Tapajós,ECMWF SEAS (init 2026-06-01),397.52
2026-09-10,Itaituba – Tapajós,ECMWF SEAS (init 2026-06-01),391.31
2026-09-11,Itaituba – Tapajós,ECMWF SEAS (init 2026-06-01),384.23
2026-09-12,Itaituba – Tapajós,ECMWF SEAS (init 2026-06-01),377.01
2026-09-13,Itaituba – Tapajós,ECMWF SEAS (init 2026-06-01),369.28
2026-09-14,Itaituba – Tapajós,ECMWF SEAS (init 2026-06-01),363.01
2026-09-15,Itaituba – Tapajós,ECMWF SEAS (init 2026-06-01),355.22
2026-09-16,Itaituba – Tapajós,ECMWF SEAS (init 2026-06-01),348.15
2026-09-17,Itaituba – Tapajós,ECMWF SEAS (init 2026-06-01),340.25
2026-09-18,Itaituba – Tapajós,ECMWF SEAS (init 2026-06-01),333.22
2026-09-19,Itaituba – Tapajós,ECMWF SEAS (init 2026-06-01),326.37
2026-09-20,Itaituba – Tapajós,ECMWF SEAS (init 2026-06-01),319.92
2026-09-21,Itaituba – Tapajós,ECMWF SEAS (init 2026-06-01),313.05
2026-09-22,Itaituba – Tapajós,ECMWF SEAS (init 2026-06-01),306.83
2026-09-23,Itaituba – Tapajós,ECMWF SEAS (init 2026-06-01),300.94
2026-09-24,Itaituba – Tapajós,ECMWF SEAS (init 2026-06-01),294.94
2026-09-25,Itaituba – Tapajós,ECMWF SEAS (init 2026-06-01),288.98
2026-09-26,Itaituba – Tapajós,ECMWF SEAS (init 2026-06-01),282.91
2026-09-27,Itaituba – Tapajós,ECMWF SEAS (init 2026-06-01),277.47
2026-09-28,Itaituba – Tapajós,ECMWF SEAS (init 2026-06-01),271.74
2026-09-29,Itaituba – Tapajós,ECMWF SEAS (init 2026-06-01),265.82
2026-09-30,Itaituba – Tapajós,ECMWF SEAS (init 2026-06-01),260.88
2026-10-01,Itaituba – Tapajós,ECMWF SEAS (init 2026-06-01),256.38
2026-10-02,Itaituba – Tapajós,ECMWF SEAS (init 2026-06-01),252.14
2026-10-03,Itaituba – Tapajós,ECMWF SEAS (init 2026-06-01),248.52
2026-10-04,Itaituba – Tapajós,ECMWF SEAS (init 2026-06-01),244.2
2026-10-05,Itaituba – Tapajós,ECMWF SEAS (init 2026-06-01),240.33
2026-10-06,Itaituba – Tapajós,ECMWF SEAS (init 2026-06-01),236.73
2026-10-07,Itaituba – Tapajós,ECMWF SEAS (init 2026-06-01),233.86
2026-10-08,Itaituba – Tapajós,ECMWF SEAS (init 2026-06-01),230.67
2026-10-09,Itaituba – Tapajós,ECMWF SEAS (init 2026-06-01),227.5
2026-10-10,Itaituba – Tapajós,ECMWF SEAS (init 2026-06-01),224.24
2026-10-11,Itaituba – Tapajós,ECMWF SEAS (init 2026-06-01),221.87
2026-10-12,Itaituba – Tapajós,ECMWF SEAS (init 2026-06-01),221.14
2026-10-13,Itaituba – Tapajós,ECMWF SEAS (init 2026-06-01),220.95
2026-10-14,Itaituba – Tapajós,ECMWF SEAS (init 2026-06-01),219.77
2026-10-15,Itaituba – Tapajós,ECMWF SEAS (init 2026-06-01),218.77
2026-10-16,Itaituba – Tapajós,ECMWF SEAS (init 2026-06-01),217.99
2026-10-17,Itaituba – Tapajós,ECMWF SEAS (init 2026-06-01),217.2
2026-10-18,Itaituba – Tapajós,ECMWF SEAS (init 2026-06-01),216.68
2026-10-19,Itaituba – Tapajós,ECMWF SEAS (init 2026-06-01),216.61
2026-10-20,Itaituba – Tapajós,ECMWF SEAS (init 2026-06-01),216.85
2026-10-21,Itaituba – Tapajós,ECMWF SEAS (init 2026-06-01),218.48
2026-10-22,Itaituba – Tapajós,ECMWF SEAS (init 2026-06-01),218.88
2026-10-23,Itaituba – Tapajós,ECMWF SEAS (init 2026-06-01),219.12
2026-10-24,Itaituba – Tapajós,ECMWF SEAS (init 2026-06-01),220.01
2026-10-25,Itaituba – Tapajós,ECMWF SEAS (init 2026-06-01),222.39
2026-10-26,Itaituba – Tapajós,ECMWF SEAS (init 2026-06-01),224.86
2026-10-27,Itaituba – Tapajós,ECMWF SEAS (init 2026-06-01),226.74
2026-10-28,Itaituba – Tapajós,ECMWF SEAS (init 2026-06-01),228.29
2026-10-29,Itaituba – Tapajós,ECMWF SEAS (init 2026-06-01),229.73
2026-10-30,Itaituba – Tapajós,ECMWF SEAS (init 2026-06-01),231.81
2026-10-31,Itaituba – Tapajós,ECMWF SEAS (init 2026-06-01),233.65
2026-11-01,Itaituba – Tapajós,ECMWF SEAS (init 2026-06-01),235.63
2026-11-02,Itaituba – Tapajós,ECMWF SEAS (init 2026-06-01),237.3
2026-11-03,Itaituba – Tapajós,ECMWF SEAS (init 2026-06-01),239.0
2026-11-04,Itaituba – Tapajós,ECMWF SEAS (init 2026-06-01),240.99
2026-11-05,Itaituba – Tapajós,ECMWF SEAS (init 2026-06-01),241.71
2026-11-06,Itaituba – Tapajós,ECMWF SEAS (init 2026-06-01),243.68
2026-11-07,Itaituba – Tapajós,ECMWF SEAS (init 2026-06-01),245.23
2026-11-08,Itaituba – Tapajós,ECMWF SEAS (init 2026-06-01),246.85
2026-11-09,Itaituba – Tapajós,ECMWF SEAS (init 2026-06-01),248.02
2026-11-10,Itaituba – Tapajós,ECMWF SEAS (init 2026-06-01),249.77
2026-11-11,Itaituba – Tapajós,ECMWF SEAS (init 2026-06-01),250.6
2026-11-12,Itaituba – Tapajós,ECMWF SEAS (init 2026-06-01),252.45
2026-11-13,Itaituba – Tapajós,ECMWF SEAS (init 2026-06-01),252.83
2026-11-14,Itaituba – Tapajós,ECMWF SEAS (init 2026-06-01),254.7
2026-11-15,Itaituba – Tapajós,ECMWF SEAS (init 2026-06-01),256.23
2026-11-16,Itaituba – Tapajós,ECMWF SEAS (init 2026-06-01),259.61
2026-11-17,Itaituba – Tapajós,ECMWF SEAS (init 2026-06-01),262.73
2026-11-18,Itaituba – Tapajós,ECMWF SEAS (init 2026-06-01),266.53
2026-11-19,Itaituba – Tapajós,ECMWF SEAS (init 2026-06-01),270.9
2026-11-20,Itaituba – Tapajós,ECMWF SEAS (init 2026-06-01),275.73
2026-11-21,Itaituba – Tapajós,ECMWF SEAS (init 2026-06-01),281.05
2026-11-22,Itaituba – Tapajós,ECMWF SEAS (init 2026-06-01),284.92
2026-11-23,Itaituba – Tapajós,ECMWF SEAS (init 2026-06-01),289.24
2026-11-24,Itaituba – Tapajós,ECMWF SEAS (init 2026-06-01),293.91
2026-11-25,Itaituba – Tapajós,ECMWF SEAS (init 2026-06-01),299.03
2026-11-26,Itaituba – Tapajós,ECMWF SEAS (init 2026-06-01),302.23
2026-11-27,Itaituba – Tapajós,ECMWF SEAS (init 2026-06-01),306.57
2026-11-28,Itaituba – Tapajós,ECMWF SEAS (init 2026-06-01),311.2
2026-11-29,Itaituba – Tapajós,ECMWF SEAS (init 2026-06-01),314.93
2026-11-30,Itaituba – Tapajós,ECMWF SEAS (init 2026-06-01),319.11
2026-12-01,Itaituba – Tapajós,ECMWF SEAS (init 2026-06-01),322.27
2026-12-02,Itaituba – Tapajós,ECMWF SEAS (init 2026-06-01),326.71
2026-12-03,Itaituba – Tapajós,ECMWF SEAS (init 2026-06-01),332.11
2026-12-04,Itaituba – Tapajós,ECMWF SEAS (init 2026-06-01),335.85
2026-12-05,Itaituba – Tapajós,ECMWF SEAS (init 2026-06-01),341.6
2026-12-06,Itaituba – Tapajós,ECMWF SEAS (init 2026-06-01),348.7
2026-12-07,Itaituba – Tapajós,ECMWF SEAS (init 2026-06-01),356.22
2026-12-08,Itaituba – Tapajós,ECMWF SEAS (init 2026-06-01),362.18
2026-12-09,Itaituba – Tapajós,ECMWF SEAS (init 2026-06-01),369.11
2026-12-10,Itaituba – Tapajós,ECMWF SEAS (init 2026-06-01),376.87
2026-12-11,Itaituba – Tapajós,ECMWF SEAS (init 2026-06-01),384.72
2026-12-12,Itaituba – Tapajós,ECMWF SEAS (init 2026-06-01),391.44
2026-12-13,Itaituba – Tapajós,ECMWF SEAS (init 2026-06-01),399.09
2026-12-14,Itaituba – Tapajós,ECMWF SEAS (init 2026-06-01),407.63
2026-12-15,Itaituba – Tapajós,ECMWF SEAS (init 2026-06-01),414.46
2026-12-16,Itaituba – Tapajós,ECMWF SEAS (init 2026-06-01),420.9
2026-12-17,Itaituba – Tapajós,ECMWF SEAS (init 2026-06-01),428.89
2026-12-18,Itaituba – Tapajós,ECMWF SEAS (init 2026-06-01),437.24
2026-12-19,Itaituba – Tapajós,ECMWF SEAS (init 2026-06-01),444.91
2026-12-20,Itaituba – Tapajós,ECMWF SEAS (init 2026-06-01),453.17
2026-12-21,Itaituba – Tapajós,ECMWF SEAS (init 2026-06-01),461.75
2026-12-22,Itaituba – Tapajós,ECMWF SEAS (init 2026-06-01),470.36
2026-12-23,Itaituba – Tapajós,ECMWF SEAS (init 2026-06-01),478.96
2026-12-24,Itaituba – Tapajós,ECMWF SEAS (init 2026-06-01),487.4
2026-12-25,Itaituba – Tapajós,ECMWF SEAS (init 2026-06-01),494.26
2026-12-26,Itaituba – Tapajós,ECMWF SEAS (init 2026-06-01),499.73
2026-12-27,Itaituba – Tapajós,ECMWF SEAS (init 2026-06-01),504.81
2026-12-28,Itaituba – Tapajós,ECMWF SEAS (init 2026-06-01),509.51
2026-12-29,Itaituba – Tapajós,ECMWF SEAS (init 2026-06-01),514.68
2026-12-30,Itaituba – Tapajós,ECMWF SEAS (init 2026-06-01),520.23
2026-12-31,Itaituba – Tapajós,ECMWF SEAS (init 2026-06-01),525.66
2026-06-21,Itaituba – Tapajós,CFSv2 Mean Precip (mm/week),1.5243428636874472
2026-06-22,Itaituba – Tapajós,CFSv2 Mean Precip (mm/week),21.070799789790595
2026-06-29,Itaituba – Tapajós,CFSv2 Mean Precip (mm/week),11.71182839590169
2026-07-06,Itaituba – Tapajós,CFSv2 Mean Precip (mm/week),1.580914277405966
2026-07-13,Itaituba – Tapajós,CFSv2 Mean Precip (mm/week),2.762742864943686
2026-07-20,Itaituba – Tapajós,CFSv2 Mean Precip (mm/week),5.311542792689233
2026-07-27,Itaituba – Tapajós,CFSv2 Mean Precip (mm/week),4.3745142459159805
2026-08-03,Itaituba – Tapajós,CFSv2 Mean Precip (mm/week),4.994742888425078
2026-08-10,Itaituba – Tapajós,CFSv2 Mean Precip (mm/week),3.498171403294518
2026-08-17,Itaituba – Tapajós,CFSv2 Mean Precip (mm/week),3.7254856938407537
2026-08-24,Itaituba – Tapajós,CFSv2 Mean Precip (mm/week),1.918285687409696
2026-08-31,Itaituba – Tapajós,CFSv2 Mean Precip (mm/week),2.1250285768792745
2026-09-07,Itaituba – Tapajós,CFSv2 Mean Precip (mm/week),1.7300571146465484
2026-09-14,Itaituba – Tapajós,CFSv2 Mean Precip (mm/week),1.0532571329247384
2026-09-21,Itaituba – Tapajós,CFSv2 Mean Precip (mm/week),1.1447999825080235
2026-09-28,Itaituba – Tapajós,CFSv2 Mean Precip (mm/week),1.2332571624290374
2026-10-05,Itaituba – Tapajós,CFSv2 Mean Precip (mm/week),5.042057186365128
2026-10-12,Itaituba – Tapajós,CFSv2 Mean Precip (mm/week),8.638971500453495
2026-10-19,Itaituba – Tapajós,CFSv2 Mean Precip (mm/week),12.356228376428287
2026-10-26,Itaituba – Tapajós,CFSv2 Mean Precip (mm/week),23.2148574487794
2026-11-02,Itaituba – Tapajós,CFSv2 Mean Precip (mm/week),22.202742719579312
2026-11-09,Itaituba – Tapajós,CFSv2 Mean Precip (mm/week),21.83657144755125
2026-11-16,Itaituba – Tapajós,CFSv2 Mean Precip (mm/week),38.156914190522265
2026-11-23,Itaituba – Tapajós,CFSv2 Mean Precip (mm/week),24.009942789162906
2026-11-30,Itaituba – Tapajós,CFSv2 Mean Precip (mm/week),33.6805714613625
2026-12-07,Itaituba – Tapajós,CFSv2 Mean Precip (mm/week),41.12022858645235
2026-12-14,Itaituba – Tapajós,CFSv2 Mean Precip (mm/week),41.3033141468962
2026-12-21,Itaituba – Tapajós,CFSv2 Mean Precip (mm/week),33.79165686489571
2026-12-28,Itaituba – Tapajós,CFSv2 Mean Precip (mm/week),17.663657065303553
